<?xml version="1.0" encoding="UTF-8"?>
<project-private xmlns="http://www.netbeans.org/ns/project-private/1">
    <editor-bookmarks xmlns="http://www.netbeans.org/ns/editor-bookmarks/2" lastBookmarkId="0"/>
    <open-files xmlns="http://www.netbeans.org/ns/projectui-open-files/2">
        <group>
            <file>file:/C:/Users/lutov/OneDrive/Documentos/NetBeansProjects/atributos/src/co/edu/udes/atributo2.java</file>
            <file>file:/C:/Users/lutov/OneDrive/Documentos/NetBeansProjects/atributos/src/co/edu/udes/atributo10.java</file>
            <file>file:/C:/Users/lutov/OneDrive/Documentos/NetBeansProjects/atributos/src/co/edu/udes/atributo8.java</file>
            <file>file:/C:/Users/lutov/OneDrive/Documentos/NetBeansProjects/atributos/src/co/edu/udes/atributo3.java</file>
            <file>file:/C:/Users/lutov/OneDrive/Documentos/NetBeansProjects/atributos/src/co/edu/udes/atributo7.java</file>
            <file>file:/C:/Users/lutov/OneDrive/Documentos/NetBeansProjects/atributos/src/co/edu/udes/atributo4.java</file>
            <file>file:/C:/Users/lutov/OneDrive/Documentos/NetBeansProjects/atributos/src/co/edu/udes/atributo6.java</file>
            <file>file:/C:/Users/lutov/OneDrive/Documentos/NetBeansProjects/atributos/src/co/edu/udes/atributo1.java</file>
            <file>file:/C:/Users/lutov/OneDrive/Documentos/NetBeansProjects/atributos/src/co/edu/udes/atributo5.java</file>
            <file>file:/C:/Users/lutov/OneDrive/Documentos/NetBeansProjects/atributos/src/co/edu/udes/atributo9.java</file>
        </group>
    </open-files>
</project-private>
